user_id,product_id,interaction
U014,P002,add_to_cart
U095,P041,purchase
U067,P030,purchase
U060,P036,purchase
U064,P050,add_to_cart
U021,P029,add_to_cart
U065,P002,purchase
U043,P016,add_to_cart
U036,P018,purchase
U015,P013,purchase
U068,P021,add_to_cart
U011,P007,view
U094,P012,purchase
U052,P012,purchase
U018,P004,purchase
U040,P024,purchase
U034,P023,purchase
U059,P036,purchase
U093,P002,view
U023,P016,purchase
U008,P002,purchase
U092,P031,add_to_cart
U022,P016,add_to_cart
U028,P017,view
U067,P042,purchase
U012,P013,purchase
U050,P034,view
U095,P008,purchase
U017,P010,view
U057,P035,purchase
U066,P019,purchase
U032,P025,add_to_cart
U026,P021,add_to_cart
U088,P044,purchase
U076,P012,add_to_cart
U085,P017,add_to_cart
U099,P015,purchase
U084,P047,purchase
U002,P010,add_to_cart
U011,P004,view
U051,P027,add_to_cart
U061,P040,purchase
U099,P010,purchase
U045,P030,add_to_cart
U089,P022,purchase
U096,P014,purchase
U037,P020,purchase
U045,P028,view
U004,P022,purchase
U062,P038,add_to_cart
U051,P035,purchase
U052,P045,purchase
U029,P037,add_to_cart
U031,P046,purchase
U069,P017,purchase
U030,P021,add_to_cart
U096,P006,purchase
U096,P046,purchase
U094,P015,purchase
U072,P042,view
U081,P024,purchase
U048,P027,add_to_cart
U047,P004,purchase
U059,P032,purchase
U078,P048,add_to_cart
U017,P041,purchase
U078,P034,purchase
U067,P046,view
U022,P041,add_to_cart
U012,P043,purchase
U021,P016,add_to_cart
U074,P042,purchase
U092,P029,purchase
U072,P031,purchase
U013,P004,purchase
U045,P050,view
U007,P009,purchase
U073,P015,purchase
U068,P049,purchase
U064,P015,purchase
U049,P027,view
U082,P050,view
U041,P042,purchase
U085,P028,purchase
U085,P049,view
U063,P041,purchase
U032,P037,purchase
U064,P024,purchase
U045,P026,add_to_cart
U081,P050,purchase
U018,P006,view
U091,P050,purchase
U046,P024,purchase
U013,P046,add_to_cart
U054,P037,purchase
U068,P040,purchase
U070,P022,purchase
U062,P034,view
U034,P020,purchase
U004,P044,purchase
U087,P043,purchase
U006,P007,purchase
U053,P050,purchase
U076,P040,view
U086,P030,view
U031,P002,view
U014,P003,add_to_cart
U010,P002,add_to_cart
U019,P030,add_to_cart
U068,P048,view
U084,P044,purchase
U089,P007,purchase
U059,P029,purchase
U097,P005,view
U020,P002,purchase
U019,P021,purchase
U034,P036,view
U096,P038,purchase
U002,P005,purchase
U042,P028,view
U018,P016,purchase
U070,P011,purchase
U089,P044,purchase
U051,P037,add_to_cart
U073,P050,view
U056,P028,add_to_cart
U071,P032,purchase
U067,P049,add_to_cart
U021,P015,view
U072,P019,purchase
U013,P005,purchase
U080,P019,add_to_cart
U072,P050,add_to_cart
U016,P005,purchase
U097,P034,purchase
U031,P023,purchase
U084,P043,add_to_cart
U070,P019,add_to_cart
U029,P024,purchase
U064,P021,purchase
U035,P025,purchase
U027,P034,view
U034,P049,purchase
U007,P004,purchase
U030,P046,purchase
U097,P025,add_to_cart
U031,P016,purchase
U020,P032,add_to_cart
U097,P032,add_to_cart
U051,P022,view
U086,P031,purchase
U020,P011,view
U074,P029,purchase
U049,P038,purchase
U037,P038,purchase
U085,P043,purchase
U085,P011,purchase
U079,P026,purchase
U078,P039,purchase
U095,P003,purchase
U027,P014,add_to_cart
U058,P035,purchase
U007,P007,view
U024,P014,purchase
U081,P005,view
U003,P004,view
U077,P049,purchase
U016,P034,add_to_cart
U077,P048,purchase
U012,P001,purchase
U084,P008,add_to_cart
U076,P042,view
U069,P002,view
U023,P047,purchase
U030,P017,purchase
U019,P029,add_to_cart
U046,P007,purchase
U098,P034,purchase
U033,P024,purchase
U005,P012,purchase
U004,P002,purchase
U043,P001,purchase
U051,P033,view
U004,P038,purchase
U091,P026,purchase
U004,P003,purchase
U009,P002,purchase
U029,P038,purchase
U090,P017,add_to_cart
U012,P026,purchase
U031,P015,purchase
U086,P010,purchase
U060,P048,add_to_cart
U027,P033,purchase
U012,P006,view
U028,P014,add_to_cart
U024,P047,purchase
U083,P048,purchase
U096,P042,purchase
U034,P015,purchase
U005,P017,add_to_cart
U088,P050,purchase
U065,P003,purchase
U090,P027,purchase
U033,P019,purchase
U091,P001,purchase
U021,P047,view
U042,P037,purchase
U040,P018,add_to_cart
U052,P028,purchase
U057,P032,purchase
U039,P018,view
U051,P046,purchase
U002,P013,purchase
U082,P044,purchase
U081,P045,purchase
U088,P022,purchase
U091,P032,view
U067,P039,add_to_cart
U060,P034,add_to_cart
U078,P006,add_to_cart
U087,P036,purchase
U006,P004,purchase
U015,P009,purchase
U043,P020,add_to_cart
U030,P031,add_to_cart
U014,P006,purchase
U082,P040,view
U053,P044,purchase
U010,P006,view
U063,P040,purchase
U050,P030,add_to_cart
U098,P033,add_to_cart
U091,P004,purchase
U096,P040,view
U073,P016,purchase
U071,P028,purchase
U088,P009,purchase
U054,P033,view
U057,P025,add_to_cart
U002,P048,purchase
U083,P015,purchase
U056,P036,purchase
U094,P046,view
U094,P010,view
U071,P049,view
U072,P041,view
U072,P037,purchase
U050,P028,view
U010,P001,purchase
U090,P035,add_to_cart
U055,P034,purchase
U100,P025,purchase
U061,P049,add_to_cart
U003,P012,add_to_cart
U039,P043,view
U033,P029,purchase
U023,P020,purchase
U044,P035,view
U068,P039,add_to_cart
U060,P040,purchase
U061,P035,purchase
U072,P024,purchase
U089,P046,add_to_cart
U007,P012,purchase
U019,P006,purchase
U046,P029,purchase
U023,P024,view
U047,P037,add_to_cart
U047,P003,view
U030,P023,view
U017,P004,view
U074,P047,view
U046,P008,purchase
U088,P011,view
U087,P048,purchase
U073,P039,view
U079,P050,add_to_cart
U021,P018,add_to_cart
U004,P027,purchase
U048,P018,add_to_cart
U081,P047,add_to_cart
U020,P049,add_to_cart
U019,P002,view
U070,P038,purchase
U097,P047,purchase
U023,P025,add_to_cart
U042,P038,add_to_cart
U097,P049,purchase
U093,P026,add_to_cart
U090,P050,purchase
U017,P005,purchase
U077,P008,add_to_cart
U096,P016,purchase
U084,P050,purchase
U083,P022,purchase
U082,P047,view
U055,P036,add_to_cart
U033,P016,purchase
U031,P027,add_to_cart
U047,P005,purchase
U014,P036,purchase
U045,P048,purchase
U013,P030,purchase
U039,P017,purchase
U018,P010,add_to_cart
U053,P032,purchase
U047,P020,add_to_cart
U039,P019,purchase
U025,P023,purchase
U004,P032,view
U088,P006,purchase
U014,P001,purchase
U003,P030,add_to_cart
U069,P001,purchase
U100,P007,purchase
U039,P022,add_to_cart
U068,P038,add_to_cart
U027,P021,purchase
U020,P008,purchase
U044,P010,purchase
U027,P015,purchase
U023,P015,purchase
U041,P038,purchase
U018,P024,view
U027,P023,purchase
U085,P013,purchase
U024,P022,add_to_cart
U025,P024,add_to_cart
U094,P024,purchase
U049,P021,purchase
U062,P037,purchase
U050,P026,purchase
U039,P037,view
U030,P018,purchase
U008,P007,add_to_cart
U051,P009,add_to_cart
U035,P011,purchase
U094,P047,purchase
U055,P029,purchase
U086,P049,purchase
U019,P047,purchase
U015,P010,purchase
U010,P004,view
U071,P042,purchase
U013,P014,purchase
U023,P022,purchase
U027,P022,purchase
U072,P022,purchase
U093,P004,purchase
U087,P042,purchase
U032,P040,purchase
U075,P042,view
U045,P037,purchase
U075,P016,add_to_cart
U073,P048,purchase
U014,P012,view
U073,P040,purchase
U080,P046,purchase
U061,P047,purchase
U023,P026,purchase
U070,P014,add_to_cart
U071,P047,purchase
U078,P038,add_to_cart
U088,P034,purchase
U033,P023,purchase
U029,P039,purchase
U092,P014,purchase
U098,P030,purchase
U054,P035,add_to_cart
U010,P012,purchase
U010,P009,add_to_cart
U016,P007,purchase
U041,P036,purchase
U089,P043,add_to_cart
U017,P009,purchase
U094,P049,add_to_cart
U024,P018,purchase
U026,P016,view
U040,P017,purchase
U097,P035,purchase
U050,P009,purchase
U082,P014,add_to_cart
U020,P030,purchase
U047,P010,view
U073,P047,purchase
U023,P018,purchase
U049,P032,view
U083,P019,add_to_cart
U010,P047,purchase
U085,P048,purchase
U062,P042,add_to_cart
U032,P014,purchase
U074,P036,add_to_cart
U018,P034,purchase
U043,P030,purchase
U033,P025,purchase
U054,P043,purchase
U050,P013,purchase
U059,P028,purchase
U011,P003,add_to_cart
U001,P002,purchase
U015,P001,purchase
U032,P015,add_to_cart
U050,P011,purchase
U048,P035,purchase
U033,P021,purchase
U055,P027,purchase
U047,P014,purchase
U045,P029,purchase
U099,P019,purchase
U076,P048,purchase
U011,P011,purchase
U051,P034,add_to_cart
U056,P031,purchase
U037,P036,purchase
U057,P036,add_to_cart
U027,P016,purchase
U044,P043,purchase
U065,P040,add_to_cart
U040,P014,add_to_cart
U096,P036,purchase
U034,P018,purchase
U024,P021,purchase
U081,P044,add_to_cart
U017,P048,purchase
U004,P010,view
U052,P026,purchase
U025,P018,purchase
U090,P047,add_to_cart
U003,P013,purchase
U006,P003,purchase
U015,P008,add_to_cart
U070,P041,add_to_cart
U020,P050,purchase
U006,P046,purchase
U034,P014,add_to_cart
U045,P034,view
U006,P002,view
U033,P022,purchase
U099,P026,purchase
U043,P018,purchase
U071,P030,view
U045,P031,purchase
U031,P022,purchase
U042,P036,add_to_cart
U023,P006,view
U055,P033,purchase
U066,P038,add_to_cart
U007,P036,purchase
U029,P023,add_to_cart
U027,P025,add_to_cart
U059,P026,view
U053,P035,purchase
U061,P038,add_to_cart
U059,P031,view
U054,P010,purchase
U052,P031,view
U072,P005,purchase
U069,P047,view
U036,P027,add_to_cart
U034,P024,purchase
U035,P004,add_to_cart
U033,P008,purchase
U077,P025,purchase
U059,P021,add_to_cart
U041,P035,purchase
U068,P001,purchase
U039,P008,purchase
U022,P025,view
U078,P046,purchase
U083,P017,purchase
U049,P026,purchase
U096,P022,view
U077,P033,add_to_cart
U027,P026,add_to_cart
U013,P011,purchase
U013,P006,purchase
U066,P014,view
U086,P026,purchase
U038,P034,purchase
U009,P044,purchase
U095,P032,purchase
U091,P043,add_to_cart
U015,P021,purchase
U009,P042,purchase
U029,P048,purchase
U091,P045,purchase
U034,P021,view
U039,P002,add_to_cart
U083,P013,add_to_cart
U017,P001,add_to_cart
U011,P006,purchase
U094,P004,purchase
U017,P008,add_to_cart
U039,P050,purchase
U004,P001,add_to_cart
U070,P039,purchase
U100,P027,purchase
U064,P044,purchase
U033,P017,add_to_cart
U066,P045,view
U049,P029,add_to_cart
U094,P017,purchase
U097,P009,purchase
U069,P041,add_to_cart
U067,P012,purchase
U048,P021,purchase
U064,P039,view
U091,P048,add_to_cart
U080,P024,add_to_cart
U058,P032,purchase
U051,P039,view
U016,P046,purchase
U081,P034,add_to_cart
U035,P016,purchase
U038,P047,add_to_cart
U083,P047,purchase
U100,P041,view
U077,P006,view
U100,P034,purchase
U079,P047,view
U072,P047,purchase
U057,P030,view
U050,P036,add_to_cart
U036,P010,add_to_cart
U061,P034,purchase
U038,P016,view
U081,P027,add_to_cart
U077,P041,add_to_cart
U027,P047,add_to_cart
U066,P039,purchase
U015,P037,purchase
U092,P043,purchase
U020,P013,add_to_cart
U061,P039,purchase
U013,P009,purchase
U094,P041,view
U042,P039,purchase
U012,P007,purchase
U097,P040,purchase
U079,P038,purchase
U004,P007,purchase
U080,P025,purchase
U080,P008,add_to_cart
U020,P010,purchase
U073,P049,purchase
U046,P010,purchase
U062,P044,purchase
U081,P002,purchase
U061,P007,purchase
U040,P025,purchase
U097,P006,purchase
U039,P024,purchase
U007,P006,purchase
U086,P014,view
U036,P016,purchase
U029,P019,add_to_cart
U029,P018,view
U005,P002,purchase
U034,P038,add_to_cart
U099,P003,purchase
U021,P036,add_to_cart
U085,P027,purchase
U005,P013,view
U085,P047,purchase
U018,P008,view
U051,P023,purchase
U055,P032,add_to_cart
U092,P015,purchase
U092,P035,purchase
U041,P046,purchase
U025,P042,purchase
U027,P019,purchase
U074,P049,add_to_cart
U016,P006,purchase
U062,P033,purchase
U100,P017,purchase
U083,P010,view
U064,P010,purchase
U043,P035,purchase
U038,P020,add_to_cart
U043,P028,add_to_cart
U083,P035,add_to_cart
U053,P030,purchase
U083,P001,purchase
U018,P046,add_to_cart
U049,P034,view
U066,P040,view
U052,P035,add_to_cart
U043,P039,view
U049,P035,add_to_cart
U010,P026,purchase
U099,P045,purchase
U033,P020,purchase
U005,P033,purchase
U070,P031,purchase
U095,P014,purchase
U025,P030,add_to_cart
U003,P028,purchase
U075,P018,add_to_cart
U012,P034,purchase
U007,P001,purchase
U089,P041,add_to_cart
U062,P049,purchase
U046,P014,add_to_cart
U010,P010,add_to_cart
U042,P033,purchase
U033,P015,add_to_cart
U079,P040,purchase
U002,P001,add_to_cart
U023,P017,view
U072,P048,view
U016,P013,purchase
U080,P010,add_to_cart
U023,P036,add_to_cart
U076,P007,purchase
U066,P041,purchase
U002,P006,view
U090,P043,purchase
U046,P032,purchase
U012,P009,purchase
U039,P025,view
U018,P043,purchase
U031,P014,purchase
U056,P037,purchase
U074,P007,purchase
U079,P044,purchase
U019,P001,view
U009,P004,purchase
U020,P007,purchase
U005,P007,add_to_cart
U003,P016,purchase
U026,P018,view
U009,P011,purchase
U060,P004,purchase
U089,P045,add_to_cart
U061,P030,view
U082,P024,purchase
U028,P018,purchase
U010,P039,purchase
U083,P045,purchase
U079,P023,purchase
U041,P050,purchase
U082,P025,add_to_cart
U029,P033,add_to_cart
U019,P009,purchase
U069,P049,view
U098,P042,add_to_cart
U058,P036,purchase
U052,P037,purchase
U097,P033,view
U033,P033,purchase
U050,P020,purchase
U013,P044,purchase
U042,P009,purchase
U074,P041,add_to_cart
U017,P047,add_to_cart
U024,P019,purchase
U095,P039,view
U044,P037,purchase
U017,P017,add_to_cart
U024,P024,purchase
U037,P019,purchase
U020,P018,purchase
U032,P021,add_to_cart
U089,P028,add_to_cart
U010,P024,view
U041,P027,view
U034,P002,purchase
U062,P016,purchase
U060,P027,purchase
U044,P017,add_to_cart
U099,P006,purchase
U016,P004,view
U043,P031,purchase
U025,P020,purchase
U065,P014,purchase
U055,P030,purchase
U021,P025,purchase
U054,P024,purchase
U006,P006,purchase
U007,P040,purchase
U057,P037,purchase
U039,P028,purchase
U020,P009,purchase
U092,P018,purchase
U038,P023,add_to_cart
U049,P033,add_to_cart
U041,P029,add_to_cart
U012,P002,purchase
U069,P039,add_to_cart
U008,P005,view
U072,P049,purchase
U067,P048,add_to_cart
U051,P011,add_to_cart
U080,P038,purchase
U054,P036,purchase
U056,P033,purchase
U063,P008,add_to_cart
U067,P041,add_to_cart
U053,P016,add_to_cart
U001,P010,purchase
U086,P050,purchase
U056,P010,add_to_cart
U015,P016,view
U016,P008,view
U035,P022,purchase
U044,P047,add_to_cart
U047,P034,purchase
U008,P006,purchase
U098,P021,add_to_cart
U018,P003,purchase
U053,P005,purchase
U067,P028,purchase
U081,P043,purchase
U093,P022,view
U062,P008,purchase
U091,P011,add_to_cart
U084,P039,purchase
U090,P028,purchase
U049,P037,purchase
U009,P032,purchase
U087,P046,purchase
U035,P018,purchase
U029,P015,purchase
U081,P046,purchase
U033,P003,purchase
U011,P012,purchase
U083,P030,purchase
U074,P033,purchase
U022,P023,purchase
U006,P001,purchase
U080,P050,view
U044,P003,add_to_cart
U009,P005,purchase
U023,P011,purchase
U056,P049,purchase
U026,P047,purchase
U075,P050,add_to_cart
U037,P015,purchase
U049,P047,purchase
U051,P028,purchase
U065,P050,purchase
U024,P029,purchase
U073,P042,purchase
U010,P034,purchase
U021,P012,purchase
U032,P017,purchase
U070,P045,purchase
U092,P011,purchase
U086,P046,purchase
U083,P033,add_to_cart
U043,P023,purchase
U083,P044,add_to_cart
U046,P033,purchase
U050,P042,view
U037,P021,purchase
U008,P024,purchase
U096,P043,purchase
U071,P002,add_to_cart
U023,P014,view
U035,P014,purchase
U070,P018,view
U067,P050,view
U034,P007,view
U016,P003,purchase
U075,P039,purchase
U095,P007,view
U005,P009,purchase
U003,P005,purchase
U090,P022,purchase
U097,P020,purchase
U008,P019,purchase
U096,P003,purchase
U046,P034,view
U052,P013,purchase
U093,P027,add_to_cart
U076,P041,purchase
U009,P047,purchase
U040,P006,view
U016,P010,view
U095,P027,view
U047,P030,add_to_cart
U043,P026,add_to_cart
U019,P005,add_to_cart
U032,P011,purchase
U045,P004,add_to_cart
U094,P032,purchase
U054,P031,add_to_cart
U090,P046,add_to_cart
U071,P015,purchase
U052,P016,purchase
U025,P021,purchase
U021,P021,add_to_cart
U018,P042,view
U058,P011,add_to_cart
U089,P050,purchase
U073,P008,purchase
U064,P049,purchase
U047,P012,purchase
U093,P048,purchase
U061,P042,purchase
U096,P049,purchase
U063,P047,purchase
U018,P011,purchase
U064,P041,purchase
U018,P020,purchase
U077,P038,purchase
U091,P031,purchase
U087,P040,purchase
U010,P005,purchase
U001,P005,purchase
U010,P031,add_to_cart
U036,P032,purchase
U014,P038,purchase
U080,P040,view
U070,P050,purchase
U037,P023,add_to_cart
U014,P019,purchase
U069,P009,add_to_cart
U008,P001,purchase
U092,P034,view
U031,P017,purchase
U066,P012,purchase
U089,P009,view
U097,P039,purchase
U059,P030,purchase
U031,P025,purchase
U008,P013,purchase
U087,P014,purchase
U030,P015,add_to_cart
U013,P001,add_to_cart
U040,P013,purchase
U044,P032,purchase
U067,P040,purchase
U022,P008,add_to_cart
U018,P002,view
U054,P002,purchase
U017,P012,purchase
U065,P041,add_to_cart
U057,P004,purchase
U053,P036,purchase
U093,P015,purchase
U040,P022,add_to_cart
U011,P002,purchase
U024,P016,add_to_cart
U032,P024,purchase
U028,P021,purchase
U034,P022,add_to_cart
U099,P014,add_to_cart
U100,P030,purchase
U046,P039,purchase
U001,P009,add_to_cart
U058,P033,purchase
U062,P040,purchase
U026,P020,add_to_cart
U018,P035,purchase
U001,P001,view
U012,P018,purchase
U031,P024,purchase
U013,P002,add_to_cart
U003,P003,purchase
U030,P020,add_to_cart
U013,P024,purchase
U067,P032,add_to_cart
U008,P003,purchase
U100,P026,add_to_cart
U088,P049,add_to_cart
U080,P047,view
U048,P029,purchase
U046,P027,view
U024,P005,purchase
U046,P002,add_to_cart
U053,P009,purchase
U097,P036,add_to_cart
U058,P037,add_to_cart
U091,P033,purchase
U032,P006,add_to_cart
U089,P033,view
U099,P033,purchase
U037,P016,add_to_cart
U024,P015,purchase
U093,P041,purchase
U021,P019,purchase
U074,P040,purchase
U061,P021,purchase
U017,P024,purchase
U024,P010,purchase
U058,P034,purchase
U018,P001,add_to_cart
U015,P017,view
U078,P013,purchase
U060,P035,add_to_cart
U077,P042,add_to_cart
U023,P002,purchase
U031,P019,add_to_cart
U033,P004,view
U098,P024,purchase
U020,P005,view
U069,P018,add_to_cart
U051,P017,purchase
U076,P038,add_to_cart
U082,P043,purchase
U050,P031,add_to_cart
U013,P007,purchase
U056,P034,view
U061,P048,add_to_cart
U080,P002,add_to_cart
U075,P010,purchase
U004,P004,view
U021,P027,purchase
U032,P022,purchase
U002,P002,purchase
U012,P039,view
U078,P042,purchase
U008,P016,purchase
U030,P029,add_to_cart
U045,P027,purchase
U056,P027,purchase
U091,P022,add_to_cart
U005,P001,purchase
U091,P044,purchase
U015,P007,purchase
U064,P047,purchase
U059,P019,add_to_cart
U065,P030,purchase
U091,P021,purchase
U035,P015,add_to_cart
U068,P005,purchase
U094,P021,add_to_cart
U054,P034,purchase
U089,P026,add_to_cart
U058,P027,purchase
U028,P025,add_to_cart
U015,P012,add_to_cart
U028,P016,add_to_cart
U066,P048,purchase
U020,P036,purchase
U082,P049,purchase
U058,P047,add_to_cart
U034,P044,purchase
U001,P011,purchase
U001,P013,purchase
U073,P002,purchase
U017,P002,purchase
U100,P021,purchase
U096,P019,purchase
U037,P018,purchase
U020,P006,purchase
U099,P020,purchase
U012,P010,purchase
U054,P029,add_to_cart
U002,P022,add_to_cart
U072,P040,add_to_cart
U029,P002,purchase
U092,P048,add_to_cart
U098,P023,view
U035,P036,view
U017,P006,purchase
U040,P019,purchase
U038,P022,purchase
U085,P001,purchase
U068,P050,view
U035,P021,purchase
U001,P041,purchase
U014,P033,view
U044,P027,view
U002,P011,purchase
U018,P027,purchase
U032,P019,add_to_cart
U003,P011,purchase
U089,P002,add_to_cart
U006,P013,purchase
U019,P004,add_to_cart
U004,P011,purchase
U013,P039,purchase
U012,P003,view
U007,P002,view
U064,P016,purchase
U057,P028,purchase
U044,P034,add_to_cart
U004,P013,add_to_cart
U050,P048,purchase
U045,P035,add_to_cart
U087,P030,purchase
U005,P008,purchase
U051,P005,purchase
U065,P001,purchase
U003,P046,purchase
U084,P027,purchase
U029,P045,add_to_cart
U013,P010,add_to_cart
U036,P023,purchase
U074,P039,purchase
U076,P049,view
U060,P033,purchase
U030,P019,purchase
U064,P038,add_to_cart
U089,P048,purchase
U033,P037,purchase
U026,P017,add_to_cart
U080,P041,purchase
U044,P026,purchase
U085,P041,purchase
U059,P049,view
U065,P009,purchase
U004,P012,add_to_cart
U090,P019,purchase
U087,P005,add_to_cart
U005,P010,purchase
U037,P014,purchase
U084,P019,view
U085,P015,purchase
U011,P008,purchase
U015,P020,purchase
U039,P011,add_to_cart
U100,P024,purchase
U020,P004,purchase
U091,P023,purchase
U029,P022,purchase
U072,P038,add_to_cart
U084,P028,purchase
U063,P038,purchase
U075,P012,purchase
U046,P046,purchase
U069,P042,purchase
U006,P009,add_to_cart
U003,P006,purchase
U007,P005,view
U012,P008,view
U003,P010,purchase
U030,P007,purchase
U004,P006,add_to_cart
U082,P039,view
U078,P003,add_to_cart
U010,P041,add_to_cart
U008,P009,add_to_cart
U049,P030,purchase
U044,P014,purchase
U008,P015,purchase
U005,P005,view
U095,P001,purchase
U030,P025,purchase
U081,P049,purchase
U053,P029,purchase
U009,P049,purchase
U014,P011,add_to_cart
U024,P033,purchase
U058,P007,purchase
U047,P029,add_to_cart
U061,P050,purchase
U006,P005,purchase
U099,P036,purchase
U041,P048,add_to_cart
U086,P048,purchase
U006,P010,view
U024,P023,purchase
U004,P043,purchase
U090,P045,purchase
U088,P045,purchase
U050,P039,purchase
U086,P012,add_to_cart
U084,P032,add_to_cart
U082,P020,purchase
U042,P003,purchase
U054,P030,purchase
U021,P006,view
U013,P043,view
U015,P002,view
U060,P032,purchase
U007,P003,purchase
U081,P033,purchase
U037,P044,view
U014,P010,add_to_cart
U073,P038,purchase
U005,P027,view
U002,P042,purchase
U073,P006,add_to_cart
U085,P046,view
U025,P045,view
U040,P046,purchase
U063,P013,purchase
U076,P009,purchase
U001,P006,purchase
U088,P027,purchase
U005,P004,purchase
U064,P032,add_to_cart
U037,P045,purchase
U072,P043,add_to_cart
U057,P034,add_to_cart
U043,P034,purchase
U061,P014,purchase
U064,P005,purchase
U080,P042,view
U089,P018,add_to_cart
U022,P026,view
U087,P021,add_to_cart
U065,P039,purchase
U006,P011,purchase
U038,P017,purchase
U065,P038,purchase
U045,P041,purchase
U004,P008,add_to_cart
U047,P028,add_to_cart
U067,P010,purchase
U012,P015,add_to_cart
U008,P004,purchase
U059,P048,purchase
U020,P014,purchase
U071,P050,purchase
U092,P007,purchase
U075,P040,purchase
U081,P011,purchase
U064,P042,add_to_cart
U001,P007,purchase
U025,P014,add_to_cart
U039,P047,purchase
U014,P029,add_to_cart
U048,P030,purchase
U021,P010,purchase
U050,P037,purchase
U050,P024,view
U086,P045,purchase
U062,P048,add_to_cart
U025,P019,purchase
U098,P003,view
U052,P034,purchase
U028,P015,view
U041,P019,view
U093,P025,purchase
U047,P043,purchase
U041,P026,purchase
U030,P024,add_to_cart
U039,P016,purchase
U069,P028,purchase
U069,P038,add_to_cart
U056,P011,purchase
U020,P003,purchase
U037,P027,add_to_cart
U077,P037,purchase
U020,P033,add_to_cart
U052,P030,purchase
U043,P049,purchase
U041,P033,purchase
U056,P020,purchase
U053,P034,view
U100,P001,add_to_cart
U075,P047,add_to_cart
U076,P015,purchase
U085,P030,purchase
U087,P049,purchase
U048,P028,view
U005,P018,purchase
U045,P024,purchase
U064,P001,purchase
U037,P025,add_to_cart
U077,P035,purchase
U004,P016,add_to_cart
U008,P012,view
U062,P027,purchase
U051,P029,purchase
U085,P026,purchase
U045,P022,purchase
U028,P020,purchase
U089,P031,purchase
U019,P041,purchase
U021,P022,add_to_cart
U056,P035,purchase
U049,P009,purchase
U046,P041,purchase
U095,P042,purchase
U026,P045,purchase
U074,P050,add_to_cart
U071,P024,purchase
U036,P014,add_to_cart
U010,P011,purchase
U063,P015,view
U003,P002,purchase
U039,P030,purchase
U005,P045,purchase
U097,P001,purchase
U048,P024,purchase
U067,P018,view
U060,P031,purchase
U063,P028,purchase
U068,P010,purchase
U098,P039,add_to_cart
U028,P022,purchase
U019,P007,purchase
U065,P048,add_to_cart
U002,P004,add_to_cart
U066,P005,add_to_cart
U091,P047,purchase
U051,P032,purchase
U010,P003,purchase
U070,P049,purchase
U065,P029,add_to_cart
U050,P027,purchase
U027,P017,add_to_cart
U052,P047,purchase
U060,P037,purchase
U056,P007,purchase
U033,P014,purchase
U042,P034,view
U036,P025,add_to_cart
U013,P012,view
U041,P030,purchase
U098,P019,add_to_cart
U063,P039,add_to_cart
U079,P039,purchase
U088,P043,purchase
U051,P036,purchase
U066,P023,purchase
U058,P014,add_to_cart
U006,P030,view
U078,P050,add_to_cart
U032,P023,add_to_cart
U064,P031,purchase
U064,P035,purchase
U049,P049,purchase
U051,P004,view
U057,P031,purchase
U067,P043,view
U068,P032,view
U072,P006,add_to_cart
U048,P023,purchase
U085,P044,add_to_cart
U047,P031,purchase
U041,P031,add_to_cart
U040,P023,purchase
U025,P016,view
U015,P006,add_to_cart
U004,P020,add_to_cart
U024,P044,purchase
U022,P019,purchase
U010,P008,purchase
U057,P027,add_to_cart
U087,P041,purchase
U070,P047,view
U069,P040,add_to_cart
U033,P012,purchase
U004,P009,purchase
U048,P036,add_to_cart
U075,P041,purchase
U094,P018,view
U015,P004,purchase
U003,P009,add_to_cart
U076,P045,view
U037,P024,view
U091,P042,view
U085,P050,view
U053,P026,add_to_cart
U093,P018,purchase
U041,P028,purchase
U011,P013,purchase
U050,P029,add_to_cart
U025,P022,purchase
U037,P039,purchase
U042,P029,view
U091,P039,purchase
U040,P015,view
U023,P023,purchase
U060,P028,add_to_cart
U045,P032,purchase
U075,P048,add_to_cart
U034,P016,purchase
U007,P008,add_to_cart
U023,P021,purchase
U096,P026,add_to_cart
U053,P037,purchase
U033,P026,view
U096,P013,add_to_cart
U005,P047,purchase
U047,P035,purchase
U077,P039,add_to_cart
U096,P001,add_to_cart
U042,P032,purchase
U028,P033,purchase
U070,P040,purchase
U001,P008,purchase
U022,P022,view
U016,P002,purchase
U058,P012,purchase
U065,P047,purchase
U038,P041,purchase
U082,P029,add_to_cart
U094,P033,purchase
U038,P045,add_to_cart
U047,P026,purchase
U009,P036,add_to_cart
U049,P028,add_to_cart
U080,P049,purchase
U014,P008,purchase
U018,P047,view
U094,P007,purchase
U057,P033,purchase
U029,P014,view
U055,P028,add_to_cart
U043,P032,add_to_cart
U088,P007,add_to_cart
U042,P019,purchase
U068,P031,purchase
U065,P045,purchase
U073,P020,purchase
U099,P001,purchase
U029,P021,purchase
U002,P012,view
U020,P012,purchase
U070,P048,purchase
U085,P045,purchase
U019,P013,purchase
U024,P020,add_to_cart
U026,P023,add_to_cart
U012,P023,add_to_cart
U050,P032,purchase
U067,P038,purchase
U081,P004,purchase
U055,P038,purchase
U097,P018,add_to_cart
U005,P003,purchase
U055,P035,purchase
U059,P025,purchase
U060,P026,purchase
U080,P018,purchase
U071,P041,add_to_cart
U039,P021,purchase
U090,P044,purchase
U054,P028,purchase
U009,P009,purchase
U060,P030,purchase
U087,P047,purchase
U100,P039,view
U044,P040,purchase
U032,P001,purchase
U039,P020,add_to_cart
U066,P050,purchase
U071,P038,purchase
U084,P012,purchase
U069,P048,purchase
U027,P020,purchase
U031,P003,purchase
U062,P020,purchase
U061,P025,add_to_cart
U044,P013,view
U029,P025,purchase
U035,P019,purchase
U074,P027,add_to_cart
U090,P049,purchase
U063,P048,add_to_cart
U044,P029,view
U007,P010,purchase
U041,P034,purchase
U059,P033,purchase
U046,P036,purchase
U007,P031,view
U036,P008,add_to_cart
U095,P038,purchase
U035,P020,purchase
U020,P001,add_to_cart
U015,P005,add_to_cart
U036,P012,view
U051,P030,add_to_cart
U045,P023,purchase
U047,P036,add_to_cart
U003,P023,purchase
U086,P044,add_to_cart
U054,P026,purchase
U048,P037,add_to_cart
U043,P033,add_to_cart
U066,P049,purchase
U100,P029,purchase
U001,P003,add_to_cart
U055,P008,view
U098,P043,add_to_cart
U015,P018,purchase
U079,P005,purchase
U092,P041,view
U024,P011,purchase
U055,P031,purchase
U059,P035,purchase
U046,P030,add_to_cart
U090,P032,purchase
U017,P013,purchase
U075,P038,purchase
U079,P041,add_to_cart
U017,P011,purchase
U009,P017,purchase
U063,P035,purchase
U066,P042,purchase
U032,P018,purchase
U003,P008,add_to_cart
U078,P035,purchase
U040,P020,add_to_cart
U046,P026,purchase
U076,P039,add_to_cart
U061,P041,purchase
U064,P040,view
U026,P024,purchase
U053,P031,purchase
U036,P020,purchase
U022,P012,purchase
U028,P037,purchase
U018,P005,purchase
U002,P003,add_to_cart
U038,P015,purchase
U003,P018,purchase
U049,P004,purchase
U046,P031,add_to_cart
U090,P024,add_to_cart
U022,P035,purchase
U050,P035,view
U030,P014,add_to_cart
U042,P031,purchase
U058,P029,purchase
U065,P004,purchase
U014,P013,purchase
U078,P047,view
U062,P050,purchase
U043,P017,view
U088,P046,purchase
U027,P036,view
U009,P003,purchase
U052,P027,purchase
U047,P047,purchase
U072,P039,purchase
U035,P017,purchase
U038,P021,purchase
U079,P024,add_to_cart
U032,P016,add_to_cart
U095,P016,purchase
U002,P009,purchase
U007,P041,purchase
U074,P048,purchase
U070,P042,purchase
U098,P006,view
U051,P026,purchase
U053,P047,add_to_cart
U098,P045,add_to_cart
U011,P005,purchase
U062,P045,purchase
U054,P032,view
U098,P011,purchase
U084,P046,purchase
U034,P019,purchase
U010,P007,purchase
U017,P039,add_to_cart
U027,P037,purchase
U086,P047,purchase
U086,P019,purchase
U097,P015,add_to_cart
U083,P050,purchase
U029,P016,purchase
U099,P023,purchase
U059,P024,purchase
U026,P040,view
U009,P001,purchase
U068,P042,purchase
U065,P006,view
U002,P008,add_to_cart
U059,P027,add_to_cart
U099,P016,purchase
U031,P018,purchase
U036,P024,add_to_cart
U082,P030,purchase
U056,P018,view
U089,P015,add_to_cart
U052,P009,purchase
U094,P026,purchase
U016,P011,add_to_cart
U044,P036,purchase
U082,P045,purchase
U013,P013,purchase
U002,P007,add_to_cart
U089,P037,purchase
U024,P017,purchase
U097,P003,purchase
U076,P047,purchase
U013,P008,purchase
U003,P026,purchase
U042,P035,view
U057,P026,view
U077,P050,purchase
U026,P048,view
U085,P002,purchase
U098,P013,purchase
U038,P010,add_to_cart
U092,P039,purchase
U035,P006,purchase
U087,P044,purchase
U066,P003,add_to_cart
U063,P042,view
U078,P040,add_to_cart
U093,P040,purchase
U071,P040,purchase
U091,P024,purchase
U044,P031,purchase
U009,P024,view
U052,P033,add_to_cart
U065,P035,view
U045,P039,purchase
U085,P025,purchase
U048,P031,purchase
U050,P033,purchase
U009,P008,purchase
U092,P050,purchase
U089,P047,purchase
U028,P010,purchase
U062,P006,add_to_cart
U068,P014,add_to_cart
U084,P048,purchase
U006,P012,view
U080,P017,purchase
U080,P039,add_to_cart
U033,P006,purchase
U089,P013,add_to_cart
U062,P028,purchase
U003,P007,add_to_cart
U009,P012,purchase
U022,P020,view
U097,P048,view
U012,P004,add_to_cart
U095,P028,purchase
U061,P013,purchase
U088,P048,add_to_cart
U001,P004,purchase
U055,P003,purchase
U090,P034,purchase
U058,P030,add_to_cart
U025,P025,purchase
U014,P007,add_to_cart
U072,P012,add_to_cart
U049,P031,purchase
U087,P022,view
U048,P026,purchase
U094,P036,view
U034,P005,purchase
U019,P003,purchase
U086,P003,purchase
U014,P009,add_to_cart
U072,P011,add_to_cart
U079,P030,purchase
U009,P010,add_to_cart
U026,P025,purchase
U035,P028,add_to_cart
U099,P042,purchase
U100,P049,purchase
U031,P020,purchase
U051,P042,purchase
U027,P018,purchase
U091,P006,add_to_cart
U064,P003,add_to_cart
U009,P006,purchase
U086,P043,purchase
U096,P021,purchase
U022,P018,add_to_cart
U052,P040,add_to_cart
U094,P031,view
U037,P022,purchase
U075,P004,purchase
U026,P014,purchase
U074,P038,purchase
U010,P035,add_to_cart
U063,P043,add_to_cart
U067,P047,add_to_cart
U034,P017,purchase
U008,P039,purchase
U042,P026,purchase
U084,P017,purchase
U053,P028,purchase
U011,P010,purchase
U048,P048,view
U015,P003,purchase
U016,P029,purchase
U091,P035,add_to_cart
U022,P017,purchase
U007,P013,purchase
U066,P047,add_to_cart
U012,P011,purchase
U081,P048,add_to_cart
U046,P037,add_to_cart
U014,P005,purchase
U079,P046,purchase
U095,P015,view
U094,P045,view
U063,P050,purchase
U079,P042,add_to_cart
U021,P045,purchase
U089,P049,add_to_cart
U047,P033,add_to_cart
U087,P025,add_to_cart
U012,P016,purchase
U035,P023,add_to_cart
U001,P035,purchase
U007,P011,add_to_cart
U039,P015,purchase
U096,P004,add_to_cart
U052,P029,purchase
U088,P005,purchase
U077,P004,purchase
U077,P024,view
U084,P016,purchase
U070,P012,purchase
U091,P029,purchase
U024,P025,add_to_cart
U084,P023,add_to_cart
U062,P032,purchase
U068,P018,purchase
U093,P003,purchase
U077,P040,purchase
U037,P017,add_to_cart
U092,P001,purchase
U068,P035,purchase
U089,P040,add_to_cart
U018,P009,purchase
U036,P022,purchase
U079,P033,purchase
U082,P046,add_to_cart
U039,P039,purchase
U076,P050,purchase
U070,P015,purchase
U053,P033,view
U035,P024,purchase
U035,P026,view
U071,P003,add_to_cart
U077,P047,add_to_cart
U077,P017,purchase
U068,P026,purchase
U098,P022,purchase
U068,P046,add_to_cart
U082,P026,purchase
U075,P031,view
U084,P045,add_to_cart
U074,P035,add_to_cart
U096,P045,purchase
U095,P025,purchase
U093,P005,add_to_cart
U044,P028,add_to_cart
U036,P017,purchase
U055,P006,view
U092,P042,purchase
U031,P026,purchase
U038,P012,purchase
U032,P045,purchase
U061,P009,purchase
U069,P035,purchase
U065,P049,purchase
U029,P017,add_to_cart
U058,P028,add_to_cart
U030,P028,view
U065,P042,purchase
U042,P030,purchase
U093,P021,add_to_cart
U079,P049,purchase
U027,P024,add_to_cart
U006,P008,add_to_cart
U056,P029,purchase
U031,P005,purchase
U069,P050,add_to_cart
U041,P006,purchase
U047,P024,view
U088,P030,purchase
U082,P048,add_to_cart
U049,P043,view
U087,P045,purchase
U057,P013,purchase
U012,P012,purchase
U021,P023,purchase
U044,P020,purchase
U048,P032,add_to_cart
U022,P015,purchase
U043,P036,purchase
U092,P038,add_to_cart
U068,P047,purchase
U056,P030,add_to_cart
U035,P013,purchase
U094,P037,view
U034,P025,purchase
U052,P032,add_to_cart
U086,P023,view
U040,P049,purchase
U038,P029,view
U006,P022,add_to_cart
U044,P030,purchase
U088,P047,purchase
U022,P010,add_to_cart
U028,P024,purchase
U059,P037,purchase
U058,P026,purchase
U051,P031,purchase
U043,P027,view
U011,P014,purchase
U008,P010,purchase
U058,P031,add_to_cart
U003,P001,purchase
U055,P026,add_to_cart
U013,P003,purchase
U083,P041,add_to_cart
U021,P020,add_to_cart
U016,P012,view
U023,P019,add_to_cart
U093,P006,add_to_cart
U021,P011,add_to_cart
U033,P018,purchase
U084,P049,add_to_cart
U064,P048,view
U059,P005,purchase
U082,P041,purchase
U036,P019,purchase
U063,P014,purchase
U075,P049,view
U029,P020,add_to_cart
U004,P005,purchase
U001,P032,purchase
U064,P009,view
U058,P050,add_to_cart
U027,P030,add_to_cart
U021,P024,purchase
U011,P001,view
U042,P008,purchase
U012,P037,purchase
U044,P033,view
U059,P020,purchase
U048,P033,purchase
U019,P010,purchase
U040,P016,add_to_cart
U016,P001,add_to_cart
U094,P030,view
U055,P041,purchase
U070,P043,add_to_cart
U082,P008,purchase
U025,P015,view
U100,P016,purchase
U045,P033,add_to_cart
U015,P035,purchase
U054,P027,view
U011,P022,view
U009,P007,purchase
U087,P050,purchase
U041,P037,add_to_cart
U022,P014,purchase
U039,P023,purchase
U083,P046,add_to_cart
U062,P031,purchase
U032,P020,purchase
U078,P041,purchase
U056,P026,add_to_cart
U056,P032,purchase
U078,P049,purchase
U087,P002,purchase
U060,P041,purchase
U012,P005,purchase
U002,P049,add_to_cart
U043,P037,add_to_cart
U028,P023,add_to_cart
U080,P048,add_to_cart
U081,P029,purchase
U099,P037,purchase
U076,P044,purchase
U005,P006,purchase
U075,P019,purchase
U049,P036,add_to_cart
U031,P050,purchase
U075,P015,purchase
U043,P004,purchase
U013,P016,purchase
U001,P012,add_to_cart
U018,P007,purchase
U033,P040,purchase
U021,P014,purchase
U071,P048,purchase
U010,P013,purchase
U046,P028,purchase
U002,P035,purchase
U036,P021,purchase
U083,P043,purchase
U063,P033,purchase
U084,P024,add_to_cart
U046,P035,purchase
U069,P033,purchase
U087,P019,purchase
U031,P021,view
U098,P026,purchase
U038,P026,add_to_cart
U052,P036,add_to_cart
U011,P009,add_to_cart
U053,P027,purchase
U039,P014,purchase
U082,P009,purchase
U093,P037,purchase
U028,P019,purchase
U059,P034,purchase
U026,P022,purchase
U087,P033,purchase
U047,P032,purchase
U042,P027,view
U014,P048,purchase
U002,P040,purchase
U073,P033,add_to_cart
U025,P017,add_to_cart
U065,P023,purchase
U015,P011,add_to_cart
U052,P002,purchase
U066,P024,purchase
U021,P017,add_to_cart
U044,P038,purchase
U079,P048,purchase
U083,P014,purchase
U019,P012,view
U043,P029,purchase
U073,P041,purchase
U092,P037,view
U008,P011,purchase
U092,P008,add_to_cart
U048,P034,view
U061,P003,purchase
U077,P046,add_to_cart
U005,P011,add_to_cart
U082,P017,add_to_cart
U018,P013,purchase
U068,P041,purchase
U026,P015,add_to_cart
U007,P027,add_to_cart
U090,P048,add_to_cart
U057,P029,add_to_cart
U094,P023,view
U060,P029,purchase
U062,P041,add_to_cart
U071,P021,view
U047,P023,view
U080,P005,purchase
U062,P047,purchase
